"Date","Price","Open","High","Low","Vol.","Change %"
"Mar 01, 2021","3,146.14","3,127.62","3,149.24","3,098.00","2.73M","1.72%"
"Feb 26, 2021","3,092.93","3,095.20","3,122.44","3,036.70","4.28M","1.17%"
"Feb 25, 2021","3,057.16","3,135.09","3,174.96","3,048.59","4.53M","-3.24%"
"Feb 24, 2021","3,159.53","3,166.75","3,171.23","3,125.38","3.01M","-1.09%"
"Feb 23, 2021","3,194.50","3,127.79","3,204.18","3,095.00","4.68M","0.43%"
"Feb 22, 2021","3,180.74","3,210.00","3,230.00","3,173.04","3.52M","-2.13%"
"Feb 19, 2021","3,249.90","3,328.23","3,333.50","3,245.75","4.31M","-2.35%"
"Feb 18, 2021","3,328.23","3,287.39","3,337.23","3,273.94","3.03M","0.59%"
"Feb 17, 2021","3,308.64","3,261.43","3,320.46","3,261.02","3.30M","1.21%"
"Feb 16, 2021","3,268.95","3,260.00","3,305.03","3,254.00","2.57M","-0.27%"
"Feb 12, 2021","3,277.71","3,250.00","3,280.25","3,233.31","2.34M","0.48%"
"Feb 11, 2021","3,262.13","3,288.91","3,289.80","3,249.34","2.30M","-0.74%"
"Feb 10, 2021","3,286.58","3,314.34","3,316.51","3,254.00","3.15M","-0.56%"
"Feb 09, 2021","3,305.00","3,314.96","3,337.00","3,299.27","2.20M","-0.54%"
"Feb 08, 2021","3,322.94","3,355.00","3,362.30","3,304.00","3.26M","-0.87%"
"Feb 05, 2021","3,352.15","3,319.00","3,377.00","3,302.71","3.62M","0.63%"
"Feb 04, 2021","3,331.00","3,326.74","3,342.27","3,278.79","3.67M","0.56%"
"Feb 03, 2021","3,312.53","3,424.76","3,432.02","3,309.08","7.09M","-2.00%"
"Feb 02, 2021","3,380.00","3,381.00","3,425.78","3,366.00","7.10M","1.11%"
"Feb 01, 2021","3,342.88","3,246.40","3,350.00","3,240.24","4.16M","4.26%"
"Jan 29, 2021","3,206.20","3,230.00","3,236.99","3,184.55","4.29M","-0.97%"
"Jan 28, 2021","3,237.62","3,243.50","3,301.68","3,230.72","3.15M","0.16%"
"Jan 27, 2021","3,232.58","3,342.12","3,342.12","3,208.00","4.66M","-2.81%"
"Jan 26, 2021","3,326.13","3,288.00","3,337.89","3,282.87","2.96M","0.98%"
"Jan 25, 2021","3,294.00","3,326.07","3,363.00","3,247.90","3.75M","0.05%"
"Jan 22, 2021","3,292.23","3,304.31","3,321.91","3,283.16","2.82M","-0.45%"
"Jan 21, 2021","3,306.99","3,293.00","3,348.55","3,289.57","4.95M","1.34%"
"Jan 20, 2021","3,263.38","3,181.99","3,279.80","3,175.00","5.31M","4.57%"
"Jan 19, 2021","3,120.76","3,108.13","3,145.00","3,096.73","3.31M","0.53%"
"Jan 15, 2021","3,104.25","3,123.02","3,142.54","3,095.17","4.24M","-0.74%"
"Jan 14, 2021","3,127.47","3,167.51","3,177.91","3,120.97","3.07M","-1.21%"
"Jan 13, 2021","3,165.89","3,126.19","3,189.44","3,123.02","3.32M","1.44%"
"Jan 12, 2021","3,120.83","3,117.60","3,141.00","3,086.47","3.51M","0.21%"
"Jan 11, 2021","3,114.21","3,148.22","3,156.07","3,110.00","3.67M","-2.15%"
"Jan 08, 2021","3,182.70","3,180.00","3,190.64","3,142.20","3.54M","0.65%"
"Jan 07, 2021","3,162.16","3,156.47","3,207.23","3,156.47","3.51M","0.76%"
"Jan 06, 2021","3,138.38","3,147.93","3,197.00","3,131.31","4.39M","-2.49%"
"Jan 05, 2021","3,218.51","3,171.07","3,223.38","3,166.01","2.66M","1.00%"
"Jan 04, 2021","3,186.63","3,266.26","3,270.91","3,145.00","4.41M","-2.16%"
"Dec 31, 2020","3,256.93","3,275.00","3,282.92","3,241.20","2.96M","-0.88%"
"Dec 30, 2020","3,285.85","3,340.00","3,341.13","3,283.00","3.21M","-1.09%"
"Dec 29, 2020","3,322.00","3,311.00","3,350.00","3,282.54","4.87M","1.16%"
"Dec 28, 2020","3,283.96","3,192.90","3,303.55","3,173.08","5.69M","3.51%"
"Dec 24, 2020","3,172.69","3,193.90","3,202.00","3,169.00","1.45M","-0.39%"
"Dec 23, 2020","3,185.27","3,204.49","3,210.00","3,185.00","2.09M","-0.66%"
"Dec 22, 2020","3,206.52","3,201.48","3,218.45","3,180.92","2.38M","0.01%"
"Dec 21, 2020","3,206.18","3,197.77","3,226.19","3,167.50","3.84M","0.14%"
"Dec 18, 2020","3,201.65","3,243.99","3,249.42","3,171.60","6.00M","-1.06%"
"Dec 17, 2020","3,236.08","3,246.50","3,263.51","3,221.00","3.47M","-0.15%"
"Dec 16, 2020","3,240.96","3,176.01","3,247.00","3,163.68","4.39M","2.40%"
"Dec 15, 2020","3,165.12","3,178.16","3,188.00","3,130.73","3.32M","0.26%"
"Dec 14, 2020","3,156.97","3,138.00","3,190.47","3,128.72","4.16M","1.30%"
"Dec 11, 2020","3,116.42","3,096.66","3,118.67","3,072.82","3.06M","0.48%"
"Dec 10, 2020","3,101.49","3,090.00","3,142.00","3,077.00","3.03M","-0.09%"
"Dec 09, 2020","3,104.20","3,167.50","3,169.47","3,088.00","4.10M","-2.30%"
"Dec 08, 2020","3,177.29","3,156.04","3,184.13","3,120.33","3.29M","0.61%"
"Dec 07, 2020","3,158.00","3,155.59","3,180.00","3,142.95","2.75M","-0.14%"
"Dec 04, 2020","3,162.58","3,198.21","3,198.21","3,158.76","2.91M","-0.76%"
"Dec 03, 2020","3,186.73","3,203.84","3,228.58","3,181.66","2.89M","-0.52%"
"Dec 02, 2020","3,203.53","3,220.33","3,231.02","3,174.00","3.13M","-0.51%"
"Dec 01, 2020","3,220.08","3,188.50","3,248.95","3,157.18","4.49M","1.64%"
"Nov 30, 2020","3,168.04","3,208.48","3,228.39","3,125.55","4.01M","-0.85%"
"Nov 27, 2020","3,195.34","3,211.26","3,216.19","3,190.05","2.39M","0.32%"
"Nov 25, 2020","3,185.07","3,141.50","3,198.00","3,141.50","3.79M","2.15%"
"Nov 24, 2020","3,118.06","3,101.22","3,133.63","3,087.55","3.60M","0.63%"
"Nov 23, 2020","3,098.39","3,117.97","3,139.11","3,066.38","4.71M","-0.03%"
"Nov 20, 2020","3,099.40","3,117.02","3,132.89","3,098.05","3.38M","-0.57%"
"Nov 19, 2020","3,117.02","3,104.44","3,125.00","3,082.28","3.01M","0.37%"
"Nov 18, 2020","3,105.46","3,130.05","3,139.99","3,105.46","2.92M","-0.96%"
"Nov 17, 2020","3,135.66","3,182.71","3,182.71","3,135.29","3.44M","0.15%"
"Nov 16, 2020","3,131.06","3,095.59","3,140.22","3,076.14","3.81M","0.07%"
"Nov 13, 2020","3,128.81","3,122.00","3,141.72","3,085.39","3.76M","0.60%"
"Nov 12, 2020","3,110.28","3,150.39","3,175.00","3,086.84","4.37M","-0.86%"
"Nov 11, 2020","3,137.39","3,061.93","3,138.72","3,051.93","4.37M","3.37%"
"Nov 10, 2020","3,035.02","3,097.72","3,112.67","3,020.00","6.59M","-3.46%"
"Nov 09, 2020","3,143.74","3,226.28","3,288.45","3,115.00","7.19M","-5.06%"
"Nov 06, 2020","3,311.37","3,304.64","3,322.00","3,232.00","4.65M","-0.32%"
"Nov 05, 2020","3,322.00","3,318.33","3,365.52","3,291.19","5.79M","2.49%"
"Nov 04, 2020","3,241.16","3,159.99","3,244.85","3,139.73","6.84M","6.32%"
"Nov 03, 2020","3,048.41","3,018.53","3,074.90","2,980.98","4.90M","1.46%"
"Nov 02, 2020","3,004.48","3,061.74","3,079.71","2,950.12","7.26M","-1.04%"
"Oct 30, 2020","3,036.15","3,157.75","3,167.00","3,019.00","8.40M","-5.45%"
"Oct 29, 2020","3,211.01","3,201.27","3,257.25","3,164.00","6.60M","1.52%"
"Oct 28, 2020","3,162.78","3,248.72","3,264.02","3,162.78","5.59M","-3.76%"
"Oct 27, 2020","3,286.33","3,223.00","3,291.18","3,212.26","4.29M","2.47%"
"Oct 26, 2020","3,207.04","3,196.02","3,281.42","3,153.54","5.90M","0.08%"
"Oct 23, 2020","3,204.40","3,191.00","3,205.33","3,140.00","3.47M","0.88%"
"Oct 22, 2020","3,176.40","3,189.87","3,198.00","3,122.25","4.21M","-0.27%"
"Oct 21, 2020","3,184.94","3,210.13","3,232.24","3,160.00","4.59M","-1.00%"
"Oct 20, 2020","3,217.01","3,219.50","3,265.04","3,193.86","4.51M","0.31%"
"Oct 19, 2020","3,207.21","3,298.84","3,327.50","3,193.00","5.22M","-2.00%"
"Oct 16, 2020","3,272.71","3,363.23","3,399.66","3,160.00","6.47M","-1.98%"
"Oct 15, 2020","3,338.65","3,292.01","3,355.88","3,280.00","5.22M","-0.75%"
"Oct 14, 2020","3,363.71","3,447.00","3,464.88","3,340.00","5.83M","-2.32%"
"Oct 13, 2020","3,443.63","3,467.99","3,492.38","3,424.22","5.74M","0.02%"
"Oct 12, 2020","3,442.93","3,349.94","3,496.24","3,339.55","8.36M","4.75%"
"Oct 09, 2020","3,286.65","3,210.00","3,288.99","3,197.83","4.91M","3.01%"
"Oct 08, 2020","3,190.55","3,224.99","3,233.29","3,174.99","3.17M","-0.16%"
"Oct 07, 2020","3,195.69","3,135.00","3,200.00","3,132.39","4.31M","3.09%"
"Oct 06, 2020","3,099.96","3,165.00","3,182.00","3,090.00","5.09M","-3.10%"
"Oct 05, 2020","3,199.20","3,145.84","3,202.53","3,140.85","3.78M","2.37%"
"Oct 02, 2020","3,125.00","3,153.63","3,195.80","3,123.00","5.61M","-2.99%"
"Oct 01, 2020","3,221.26","3,208.00","3,224.00","3,172.00","4.97M","2.30%"
"Sep 30, 2020","3,148.73","3,141.14","3,212.88","3,133.99","4.90M","0.12%"
"Sep 29, 2020","3,144.88","3,175.39","3,188.26","3,132.54","3.50M","-0.92%"
"Sep 28, 2020","3,174.05","3,148.85","3,175.04","3,117.17","4.22M","2.55%"
"Sep 25, 2020","3,095.13","3,054.86","3,101.54","2,999.00","4.62M","2.49%"
"Sep 24, 2020","3,019.79","2,977.79","3,069.30","2,965.00","5.53M","0.66%"
"Sep 23, 2020","2,999.86","3,120.43","3,127.00","2,992.38","5.65M","-4.13%"
"Sep 22, 2020","3,128.99","3,033.84","3,133.99","3,000.20","6.95M","5.69%"
"Sep 21, 2020","2,960.47","2,906.50","2,962.00","2,871.00","6.12M","0.19%"
"Sep 18, 2020","2,954.91","3,031.74","3,037.80","2,905.54","8.89M","-1.79%"
"Sep 17, 2020","3,008.73","3,009.25","3,029.43","2,972.55","6.45M","-2.25%"
"Sep 16, 2020","3,078.10","3,179.99","3,187.24","3,074.15","4.53M","-2.47%"
"Sep 15, 2020","3,156.13","3,136.16","3,175.02","3,108.92","4.02M","1.71%"
"Sep 14, 2020","3,102.97","3,172.94","3,187.39","3,096.00","4.53M","-0.43%"
"Sep 11, 2020","3,116.22","3,208.69","3,217.34","3,083.98","5.09M","-1.85%"
"Sep 10, 2020","3,175.11","3,307.22","3,349.89","3,170.55","5.33M","-2.86%"
"Sep 09, 2020","3,268.61","3,202.99","3,303.18","3,185.00","5.19M","3.77%"
"Sep 08, 2020","3,149.84","3,144.00","3,250.84","3,130.00","6.09M","-4.39%"
"Sep 04, 2020","3,294.62","3,318.00","3,381.50","3,111.13","8.78M","-2.18%"
"Sep 03, 2020","3,368.00","3,485.00","3,488.41","3,303.00","8.16M","-4.63%"
"Sep 02, 2020","3,531.45","3,547.00","3,552.25","3,486.68","3.93M","0.92%"
"Sep 01, 2020","3,499.12","3,489.58","3,513.87","3,467.00","3.48M","1.40%"
"Aug 31, 2020","3,450.96","3,408.99","3,495.00","3,405.00","4.19M","1.45%"
"Aug 28, 2020","3,401.80","3,423.00","3,433.37","3,386.50","2.90M","0.05%"
"Aug 27, 2020","3,400.00","3,450.05","3,453.00","3,378.00","4.26M","-1.22%"
"Aug 26, 2020","3,441.85","3,351.11","3,451.74","3,344.57","6.51M","2.85%"
"Aug 25, 2020","3,346.49","3,294.99","3,357.40","3,267.00","3.99M","1.18%"
"Aug 24, 2020","3,307.46","3,310.15","3,380.32","3,257.56","4.67M","0.69%"
"Aug 21, 2020","3,284.72","3,295.00","3,314.40","3,275.39","3.58M","-0.38%"
"Aug 20, 2020","3,297.37","3,252.00","3,312.62","3,238.00","3.33M","1.13%"
"Aug 19, 2020","3,260.48","3,303.01","3,315.90","3,256.00","4.19M","-1.57%"
"Aug 18, 2020","3,312.49","3,212.00","3,320.00","3,205.82","5.35M","4.09%"
"Aug 17, 2020","3,182.41","3,173.12","3,194.97","3,154.18","2.69M","1.09%"
"Aug 14, 2020","3,148.02","3,178.18","3,178.24","3,120.00","2.75M","-0.41%"
"Aug 13, 2020","3,161.02","3,182.99","3,217.52","3,155.00","3.15M","-0.04%"
"Aug 12, 2020","3,162.24","3,108.00","3,174.39","3,101.42","3.53M","2.65%"
"Aug 11, 2020","3,080.67","3,113.20","3,159.22","3,073.00","3.72M","-2.14%"
"Aug 10, 2020","3,148.16","3,170.31","3,172.51","3,101.52","3.17M","-0.61%"
"Aug 07, 2020","3,167.46","3,224.01","3,240.81","3,140.67","3.94M","-1.78%"
"Aug 06, 2020","3,225.00","3,194.36","3,247.47","3,165.43","3.94M","0.62%"
"Aug 05, 2020","3,205.03","3,143.77","3,213.59","3,127.30","3.93M","2.11%"
"Aug 04, 2020","3,138.83","3,101.21","3,167.24","3,101.21","4.69M","0.87%"
"Aug 03, 2020","3,111.89","3,180.51","3,184.00","3,104.00","5.07M","-1.67%"
"Jul 31, 2020","3,164.68","3,244.00","3,246.82","3,151.00","8.08M","3.70%"
"Jul 30, 2020","3,051.88","3,014.00","3,092.00","3,005.00","6.13M","0.60%"
"Jul 29, 2020","3,033.53","3,030.99","3,039.16","2,996.77","2.97M","1.11%"
"Jul 28, 2020","3,000.33","3,054.27","3,077.09","2,995.76","3.13M","-1.80%"
"Jul 27, 2020","3,055.21","3,062.00","3,098.00","3,015.77","4.17M","1.54%"
"Jul 24, 2020","3,008.91","2,930.00","3,031.58","2,888.00","5.63M","0.75%"
"Jul 23, 2020","2,986.55","3,098.27","3,098.27","2,970.00","5.66M","-3.66%"
"Jul 22, 2020","3,099.91","3,125.00","3,150.00","3,065.26","4.10M","-1.22%"
"Jul 21, 2020","3,138.29","3,232.49","3,240.58","3,105.72","6.13M","-1.83%"
"Jul 20, 2020","3,196.84","3,000.20","3,201.36","2,994.02","7.60M","7.93%"
"Jul 17, 2020","2,961.97","3,009.00","3,024.00","2,948.45","4.76M","-1.26%"
"Jul 16, 2020","2,999.90","2,971.06","3,032.00","2,918.23","6.39M","-0.30%"
"Jul 15, 2020","3,008.87","3,080.23","3,098.35","2,973.18","5.79M","-2.44%"
"Jul 14, 2020","3,084.00","3,089.00","3,127.38","2,950.00","7.23M","-0.64%"
"Jul 13, 2020","3,104.00","3,251.06","3,344.29","3,068.39","7.72M","-3.00%"
"Jul 10, 2020","3,200.00","3,191.76","3,215.00","3,135.70","5.49M","0.55%"
"Jul 09, 2020","3,182.63","3,115.99","3,193.88","3,074.00","6.39M","3.29%"
"Jul 08, 2020","3,081.11","3,022.61","3,083.97","3,012.43","5.04M","2.70%"
"Jul 07, 2020","3,000.12","3,058.55","3,069.55","2,990.00","5.26M","-1.86%"
"Jul 06, 2020","3,057.04","2,934.97","3,059.88","2,930.00","6.88M","5.77%"
"Jul 02, 2020","2,890.30","2,912.01","2,955.56","2,871.10","6.59M","0.40%"
"Jul 01, 2020","2,878.70","2,757.99","2,895.00","2,754.00","6.36M","4.35%"
"Jun 30, 2020","2,758.82","2,685.07","2,769.63","2,675.03","3.77M","2.93%"
"Jun 29, 2020","2,680.38","2,690.01","2,696.80","2,630.08","4.22M","-0.46%"
"Jun 26, 2020","2,692.87","2,775.06","2,782.57","2,688.00","6.50M","-2.24%"
"Jun 25, 2020","2,754.58","2,739.55","2,756.23","2,712.14","2.97M","0.74%"
"Jun 24, 2020","2,734.40","2,780.00","2,796.00","2,721.00","4.53M","-1.09%"
"Jun 23, 2020","2,764.41","2,726.02","2,783.11","2,718.04","4.23M","1.86%"
"Jun 22, 2020","2,713.82","2,684.50","2,715.00","2,669.00","3.21M","1.45%"
"Jun 19, 2020","2,675.01","2,678.08","2,697.43","2,659.00","5.78M","0.79%"
"Jun 18, 2020","2,653.98","2,647.01","2,659.64","2,636.11","2.49M","0.49%"
"Jun 17, 2020","2,640.98","2,647.50","2,655.00","2,631.82","2.96M","0.98%"
"Jun 16, 2020","2,615.27","2,620.00","2,620.00","2,576.00","3.60M","1.66%"
"Jun 15, 2020","2,572.68","2,526.60","2,584.00","2,508.00","3.87M","1.09%"
"Jun 12, 2020","2,545.02","2,601.21","2,621.48","2,503.35","5.44M","-0.51%"
"Jun 11, 2020","2,557.96","2,603.50","2,671.38","2,536.23","5.80M","-3.38%"
"Jun 10, 2020","2,647.45","2,645.00","2,722.35","2,626.26","4.95M","1.79%"
"Jun 09, 2020","2,600.86","2,529.44","2,626.43","2,525.00","5.18M","3.04%"
"Jun 08, 2020","2,524.06","2,500.20","2,530.00","2,487.34","3.97M","1.65%"
"Jun 05, 2020","2,483.00","2,444.51","2,488.64","2,437.13","3.31M","0.91%"
"Jun 04, 2020","2,460.60","2,477.43","2,507.54","2,450.01","2.95M","-0.72%"
"Jun 03, 2020","2,478.40","2,468.01","2,488.00","2,461.17","2.67M","0.24%"
"Jun 02, 2020","2,472.41","2,467.00","2,473.53","2,445.31","2.53M","0.06%"
"Jun 01, 2020","2,471.04","2,448.00","2,476.93","2,444.17","2.94M","1.17%"
"May 29, 2020","2,442.37","2,415.94","2,442.37","2,398.20","3.53M","1.72%"
"May 28, 2020","2,401.10","2,384.33","2,436.97","2,378.23","3.19M","-0.39%"
"May 27, 2020","2,410.39","2,404.99","2,413.58","2,330.00","5.06M","-0.47%"
"May 26, 2020","2,421.86","2,458.00","2,462.00","2,414.06","3.57M","-0.62%"
"May 22, 2020","2,436.88","2,455.01","2,469.85","2,430.13","2.87M","-0.40%"
"May 21, 2020","2,446.74","2,500.00","2,525.45","2,442.54","5.11M","-2.05%"
"May 20, 2020","2,497.94","2,477.87","2,500.01","2,467.27","4.00M","1.98%"
"May 19, 2020","2,449.33","2,429.83","2,484.99","2,428.97","4.32M","0.95%"
"May 18, 2020","2,426.26","2,404.35","2,433.00","2,384.01","4.37M","0.68%"
"May 15, 2020","2,409.78","2,368.52","2,411.00","2,356.37","4.23M","0.88%"
"May 14, 2020","2,388.85","2,361.01","2,391.37","2,353.21","3.65M","0.88%"
"May 13, 2020","2,367.92","2,366.80","2,407.70","2,337.80","4.78M","0.47%"
"May 12, 2020","2,356.95","2,411.85","2,419.00","2,355.00","3.07M","-2.16%"
"May 11, 2020","2,409.00","2,374.70","2,419.66","2,372.11","3.26M","1.24%"
"May 08, 2020","2,379.61","2,372.14","2,387.24","2,357.00","3.21M","0.51%"
"May 07, 2020","2,367.61","2,374.78","2,376.00","2,343.11","3.40M","0.70%"
"May 06, 2020","2,351.26","2,329.44","2,357.45","2,320.00","3.12M","1.44%"
"May 05, 2020","2,317.80","2,340.00","2,351.00","2,307.13","3.24M","0.08%"
"May 04, 2020","2,315.99","2,256.38","2,326.98","2,256.38","4.87M","1.31%"
"May 01, 2020","2,286.04","2,336.80","2,362.44","2,258.19","9.77M","-7.60%"
"Apr 30, 2020","2,474.00","2,419.84","2,475.00","2,396.01","9.53M","4.27%"
"Apr 29, 2020","2,372.71","2,330.01","2,391.89","2,310.00","4.59M","2.53%"
"Apr 28, 2020","2,314.08","2,372.10","2,373.50","2,306.00","5.27M","-2.61%"
"Apr 27, 2020","2,376.00","2,443.20","2,444.88","2,363.00","5.65M","-1.42%"
"Apr 24, 2020","2,410.22","2,417.00","2,420.43","2,382.00","3.83M","0.45%"
"Apr 23, 2020","2,399.45","2,399.98","2,424.22","2,382.08","5.07M","1.52%"
"Apr 22, 2020","2,363.49","2,369.00","2,394.00","2,351.00","4.22M","1.52%"
"Apr 21, 2020","2,328.12","2,416.61","2,428.31","2,279.66","7.48M","-2.74%"
"Apr 20, 2020","2,393.61","2,389.95","2,444.98","2,386.05","5.77M","0.78%"
"Apr 17, 2020","2,375.00","2,372.33","2,400.00","2,316.02","7.93M","-1.38%"
"Apr 16, 2020","2,408.19","2,346.00","2,461.00","2,335.00","12.04M","4.36%"
"Apr 15, 2020","2,307.68","2,257.68","2,333.37","2,245.00","6.87M","1.07%"
"Apr 14, 2020","2,283.32","2,200.47","2,292.00","2,186.21","8.09M","5.28%"
"Apr 13, 2020","2,168.87","2,040.00","2,180.00","2,038.00","6.72M","6.17%"
"Apr 09, 2020","2,042.76","2,044.30","2,053.00","2,017.66","4.66M","-0.01%"
"Apr 08, 2020","2,043.00","2,021.00","2,044.00","2,011.15","3.98M","1.56%"
"Apr 07, 2020","2,011.60","2,017.11","2,035.72","1,997.62","5.11M","0.70%"
"Apr 06, 2020","1,997.59","1,936.00","1,998.52","1,930.02","5.77M","4.77%"
"Apr 03, 2020","1,906.59","1,911.15","1,926.33","1,889.15","3.61M","-0.64%"
"Apr 02, 2020","1,918.83","1,901.64","1,927.53","1,890.00","4.34M","0.58%"
"Apr 01, 2020","1,907.70","1,932.97","1,944.96","1,893.00","4.12M","-2.16%"
"Mar 31, 2020","1,949.72","1,964.35","1,993.02","1,944.01","5.12M","-0.72%"
"Mar 30, 2020","1,963.95","1,922.83","1,973.63","1,912.34","6.13M","3.36%"
"Mar 27, 2020","1,900.10","1,930.86","1,939.79","1,899.92","5.39M","-2.83%"
"Mar 26, 2020","1,955.49","1,902.00","1,956.49","1,889.29","6.24M","3.69%"
"Mar 25, 2020","1,885.84","1,920.69","1,950.26","1,885.78","6.48M","-2.80%"
"Mar 24, 2020","1,940.10","1,951.49","1,955.00","1,900.34","7.15M","1.96%"
"Mar 23, 2020","1,902.83","1,827.75","1,919.40","1,812.00","7.81M","3.07%"
"Mar 20, 2020","1,846.09","1,926.31","1,957.00","1,820.73","9.82M","-1.85%"
"Mar 19, 2020","1,880.93","1,860.00","1,945.00","1,832.65","10.40M","2.78%"
"Mar 18, 2020","1,830.00","1,750.00","1,841.66","1,745.00","9.65M","1.23%"
"Mar 17, 2020","1,807.84","1,775.47","1,857.78","1,689.24","10.92M","7.03%"
"Mar 16, 2020","1,689.15","1,641.51","1,759.45","1,626.03","8.92M","-5.37%"
"Mar 13, 2020","1,785.00","1,755.00","1,786.31","1,680.62","8.81M","6.46%"
"Mar 12, 2020","1,676.61","1,721.98","1,765.00","1,675.00","11.35M","-7.92%"
"Mar 11, 2020","1,820.86","1,857.85","1,871.32","1,801.50","5.65M","-3.75%"
"Mar 10, 2020","1,891.82","1,870.88","1,894.27","1,818.17","7.13M","5.07%"
"Mar 09, 2020","1,800.61","1,773.86","1,862.77","1,761.29","7.81M","-5.29%"
"Mar 06, 2020","1,901.09","1,875.00","1,910.87","1,869.50","5.27M","-1.19%"
"Mar 05, 2020","1,924.03","1,933.00","1,960.72","1,910.00","4.75M","-2.62%"
"Mar 04, 2020","1,975.83","1,946.57","1,978.00","1,922.00","4.77M","3.50%"
"Mar 03, 2020","1,908.99","1,975.37","1,996.33","1,888.09","7.53M","-2.30%"
"Mar 02, 2020","1,953.95","1,906.49","1,954.51","1,870.00","6.76M","3.73%"
"Feb 28, 2020","1,883.75","1,814.63","1,889.76","1,811.13","9.49M","-0.03%"
"Feb 27, 2020","1,884.30","1,934.38","1,975.00","1,882.76","8.14M","-4.81%"
"Feb 26, 2020","1,979.59","1,970.28","2,014.67","1,960.45","5.24M","0.35%"
"Feb 25, 2020","1,972.74","2,026.42","2,034.60","1,958.42","6.22M","-1.82%"
"Feb 24, 2020","2,009.29","2,003.18","2,039.30","1,987.97","6.55M","-4.14%"
"Feb 21, 2020","2,095.97","2,142.15","2,144.55","2,088.00","4.65M","-2.65%"
"Feb 20, 2020","2,153.10","2,173.07","2,176.79","2,127.45","3.13M","-0.79%"
"Feb 19, 2020","2,170.22","2,167.80","2,185.10","2,161.12","2.56M","0.67%"
"Feb 18, 2020","2,155.67","2,125.02","2,166.07","2,124.11","2.95M","0.97%"
"Feb 14, 2020","2,134.87","2,155.68","2,159.04","2,125.89","2.61M","-0.70%"
"Feb 13, 2020","2,149.87","2,144.99","2,170.28","2,142.00","3.03M","-0.47%"
"Feb 12, 2020","2,160.00","2,163.20","2,180.25","2,155.29","3.33M","0.43%"
"Feb 11, 2020","2,150.80","2,150.90","2,185.95","2,136.00","5.75M","0.79%"
"Feb 10, 2020","2,133.91","2,085.01","2,135.60","2,084.96","5.06M","2.63%"
"Feb 07, 2020","2,079.28","2,041.99","2,098.53","2,038.10","5.10M","1.42%"
"Feb 06, 2020","2,050.23","2,041.02","2,056.30","2,024.80","3.18M","0.51%"
"Feb 05, 2020","2,039.87","2,071.02","2,071.02","2,032.00","4.38M","-0.48%"
"Feb 04, 2020","2,049.67","2,029.88","2,059.80","2,015.37","5.29M","2.27%"
"Feb 03, 2020","2,004.20","2,010.60","2,048.50","2,000.25","5.90M","-0.23%"
"Jan 31, 2020","2,008.72","2,051.47","2,055.72","2,002.27","15.57M","7.38%"
"Jan 30, 2020","1,870.68","1,858.00","1,872.87","1,850.61","6.33M","0.68%"
"Jan 29, 2020","1,858.00","1,864.00","1,874.75","1,855.02","2.10M","0.26%"
"Jan 28, 2020","1,853.25","1,840.50","1,858.11","1,830.02","2.81M","1.36%"
"Jan 27, 2020","1,828.34","1,820.00","1,841.00","1,815.34","3.53M","-1.79%"
"Jan 24, 2020","1,861.64","1,891.37","1,894.99","1,847.44","3.77M","-1.22%"
"Jan 23, 2020","1,884.58","1,885.11","1,889.97","1,872.76","2.48M","-0.15%"
"Jan 22, 2020","1,887.46","1,896.09","1,902.50","1,883.34","3.22M","-0.24%"
"Jan 21, 2020","1,892.00","1,865.00","1,894.27","1,860.00","3.71M","1.46%"
"Jan 17, 2020","1,864.72","1,885.89","1,886.64","1,857.25","4.00M","-0.70%"
"Jan 16, 2020","1,877.94","1,882.99","1,885.59","1,866.02","2.66M","0.85%"
"Jan 15, 2020","1,862.02","1,872.25","1,878.86","1,855.09","2.90M","-0.40%"
"Jan 14, 2020","1,869.44","1,885.88","1,887.11","1,858.55","3.45M","-1.16%"
"Jan 13, 2020","1,891.30","1,891.31","1,898.00","1,880.80","2.79M","0.43%"
"Jan 10, 2020","1,883.16","1,905.37","1,906.94","1,880.00","2.86M","-0.94%"
"Jan 09, 2020","1,901.05","1,909.89","1,917.82","1,895.80","3.17M","0.48%"
"Jan 08, 2020","1,891.97","1,898.04","1,911.00","1,886.44","3.51M","-0.78%"
"Jan 07, 2020","1,906.86","1,904.50","1,913.89","1,892.04","4.13M","0.21%"
"Jan 06, 2020","1,902.88","1,860.00","1,903.69","1,860.00","4.07M","1.49%"
"Jan 03, 2020","1,874.97","1,864.50","1,886.20","1,864.50","3.77M","-1.21%"
"Jan 02, 2020","1,898.01","1,875.00","1,898.01","1,864.15","4.04M","2.72%"
"Dec 31, 2019","1,847.84","1,842.00","1,853.26","1,832.23","2.51M","0.05%"
"Dec 30, 2019","1,846.89","1,874.00","1,884.00","1,840.62","3.68M","-1.23%"
"Dec 27, 2019","1,869.80","1,882.92","1,901.40","1,866.01","6.19M","0.06%"
"Dec 26, 2019","1,868.77","1,801.01","1,870.46","1,799.50","6.02M","4.45%"
"Dec 24, 2019","1,789.21","1,793.81","1,795.57","1,787.58","881.34K","-0.21%"
"Dec 23, 2019","1,793.00","1,788.26","1,793.00","1,784.51","2.14M","0.36%"
"Dec 20, 2019","1,786.50","1,799.62","1,802.97","1,782.45","5.15M","-0.32%"
"Dec 19, 2019","1,792.28","1,780.50","1,792.99","1,774.06","2.74M","0.46%"
"Dec 18, 2019","1,784.03","1,795.02","1,798.20","1,782.36","3.35M","-0.37%"
"Dec 17, 2019","1,790.66","1,778.01","1,792.00","1,777.39","3.65M","1.21%"
"Dec 16, 2019","1,769.21","1,767.00","1,769.50","1,757.05","3.15M","0.47%"
"Dec 13, 2019","1,760.94","1,765.00","1,768.99","1,755.00","2.75M","0.03%"
"Dec 12, 2019","1,760.33","1,750.00","1,764.00","1,745.44","3.10M","0.66%"
"Dec 11, 2019","1,748.72","1,741.67","1,750.00","1,735.71","2.10M","0.55%"
"Dec 10, 2019","1,739.21","1,747.40","1,750.67","1,735.00","2.52M","-0.59%"
"Dec 09, 2019","1,749.51","1,750.66","1,766.89","1,745.61","2.50M","-0.12%"
"Dec 06, 2019","1,751.60","1,751.20","1,754.40","1,740.13","3.12M","0.64%"
"Dec 05, 2019","1,740.48","1,763.50","1,763.50","1,740.00","2.83M","-1.15%"
"Dec 04, 2019","1,760.69","1,774.01","1,789.09","1,760.22","2.68M","-0.52%"
"Dec 03, 2019","1,769.96","1,760.00","1,772.87","1,747.23","3.53M","-0.65%"
"Dec 02, 2019","1,781.60","1,804.40","1,805.55","1,762.68","3.93M","-1.07%"
"Nov 29, 2019","1,800.80","1,817.78","1,824.69","1,800.79","1.92M","-0.97%"
"Nov 27, 2019","1,818.51","1,801.00","1,824.50","1,797.31","3.04M","1.20%"
"Nov 26, 2019","1,796.94","1,779.92","1,797.03","1,778.35","3.19M","1.30%"
"Nov 25, 2019","1,773.84","1,753.25","1,777.42","1,753.24","3.49M","1.61%"
"Nov 22, 2019","1,745.72","1,739.02","1,746.43","1,731.00","2.48M","0.63%"
"Nov 21, 2019","1,734.71","1,743.00","1,746.87","1,730.36","2.66M","-0.62%"
"Nov 20, 2019","1,745.53","1,749.14","1,762.52","1,734.12","2.79M","-0.41%"
"Nov 19, 2019","1,752.79","1,756.99","1,760.68","1,743.03","2.27M","0.01%"
"Nov 18, 2019","1,752.53","1,738.30","1,753.70","1,722.71","2.84M","0.75%"
"Nov 15, 2019","1,739.49","1,760.05","1,761.68","1,732.86","3.93M","-0.86%"
"Nov 14, 2019","1,754.60","1,751.43","1,766.59","1,749.56","2.27M","0.08%"
"Nov 13, 2019","1,753.11","1,773.39","1,775.00","1,747.32","2.93M","-1.40%"
"Nov 12, 2019","1,778.00","1,774.66","1,786.22","1,771.91","2.04M","0.36%"
"Nov 11, 2019","1,771.65","1,778.00","1,780.00","1,767.13","1.95M","-0.80%"
"Nov 08, 2019","1,785.88","1,787.89","1,789.88","1,774.04","2.13M","-0.13%"
"Nov 07, 2019","1,788.20","1,803.76","1,805.90","1,783.48","2.65M","-0.42%"
"Nov 06, 2019","1,795.77","1,801.00","1,802.50","1,788.58","2.03M","-0.33%"
"Nov 05, 2019","1,801.71","1,809.16","1,810.25","1,794.00","1.89M","-0.16%"
"Nov 04, 2019","1,804.66","1,801.01","1,815.06","1,801.01","2.77M","0.74%"
"Nov 01, 2019","1,791.44","1,788.01","1,797.44","1,785.21","2.79M","0.83%"
"Oct 31, 2019","1,776.66","1,775.99","1,792.00","1,771.48","2.78M","-0.19%"
"Oct 30, 2019","1,779.99","1,760.24","1,782.38","1,759.12","2.45M","0.98%"
"Oct 29, 2019","1,762.71","1,774.81","1,777.00","1,755.81","2.28M","-0.81%"
"Oct 28, 2019","1,777.08","1,748.06","1,778.70","1,742.50","3.71M","0.89%"
"Oct 25, 2019","1,761.33","1,697.55","1,764.21","1,695.00","9.63M","-1.09%"
"Oct 24, 2019","1,780.78","1,771.09","1,788.34","1,760.27","5.20M","1.06%"
"Oct 23, 2019","1,762.17","1,761.30","1,770.05","1,742.00","2.19M","-0.20%"
"Oct 22, 2019","1,765.73","1,788.15","1,789.78","1,762.00","2.23M","-1.12%"
"Oct 21, 2019","1,785.66","1,769.66","1,785.88","1,765.00","2.22M","1.60%"
"Oct 18, 2019","1,757.51","1,787.80","1,793.98","1,749.20","3.37M","-1.68%"
"Oct 17, 2019","1,787.48","1,796.49","1,798.85","1,782.02","2.71M","0.57%"
"Oct 16, 2019","1,777.43","1,773.33","1,786.24","1,770.52","2.80M","0.57%"
"Oct 15, 2019","1,767.38","1,742.14","1,776.45","1,740.62","3.13M","1.78%"
"Oct 14, 2019","1,736.43","1,728.91","1,741.89","1,722.00","1.93M","0.26%"
"Oct 11, 2019","1,731.92","1,742.92","1,745.45","1,729.86","3.28M","0.68%"
"Oct 10, 2019","1,720.26","1,725.24","1,738.29","1,713.75","2.72M","-0.10%"
"Oct 09, 2019","1,721.99","1,719.61","1,729.95","1,714.36","2.09M","0.97%"
"Oct 08, 2019","1,705.51","1,722.49","1,727.00","1,705.00","2.63M","-1.57%"
"Oct 07, 2019","1,732.66","1,731.63","1,747.83","1,723.70","2.19M","-0.40%"
"Oct 04, 2019","1,739.65","1,726.02","1,740.58","1,719.23","2.49M","0.88%"
"Oct 03, 2019","1,724.42","1,713.00","1,725.00","1,685.06","3.62M","0.65%"
"Oct 02, 2019","1,713.23","1,727.74","1,728.89","1,705.00","3.34M","-1.29%"
"Oct 01, 2019","1,735.65","1,746.00","1,755.60","1,728.41","3.17M","-0.01%"
"Sep 30, 2019","1,735.91","1,726.99","1,737.46","1,709.22","2.76M","0.61%"
"Sep 27, 2019","1,725.45","1,748.00","1,749.12","1,713.82","3.95M","-0.83%"
"Sep 26, 2019","1,739.84","1,762.79","1,763.37","1,731.50","3.57M","-1.61%"
"Sep 25, 2019","1,768.33","1,747.36","1,773.00","1,723.00","3.53M","1.53%"
"Sep 24, 2019","1,741.61","1,790.61","1,795.70","1,735.55","4.64M","-2.45%"
"Sep 23, 2019","1,785.30","1,777.00","1,792.70","1,767.32","3.14M","-0.49%"
"Sep 20, 2019","1,794.16","1,821.71","1,830.63","1,780.92","5.56M","-1.50%"
"Sep 19, 2019","1,821.50","1,821.02","1,832.57","1,817.90","2.08M","0.22%"
"Sep 18, 2019","1,817.46","1,817.04","1,822.06","1,795.50","2.54M","-0.28%"
"Sep 17, 2019","1,822.55","1,807.08","1,823.99","1,804.10","2.03M","0.81%"
"Sep 16, 2019","1,807.84","1,824.02","1,825.69","1,800.20","3.68M","-1.71%"
"Sep 13, 2019","1,839.34","1,842.01","1,846.12","1,835.17","1.97M","-0.23%"
"Sep 12, 2019","1,843.55","1,837.63","1,853.66","1,834.28","2.82M","1.13%"
"Sep 11, 2019","1,822.99","1,812.14","1,833.42","1,809.08","2.43M","0.13%"
"Sep 10, 2019","1,820.55","1,822.75","1,825.81","1,805.34","2.61M","-0.59%"
"Sep 09, 2019","1,831.35","1,841.00","1,850.00","1,824.61","3.00M","-0.12%"
"Sep 06, 2019","1,833.51","1,838.22","1,840.65","1,826.40","2.50M","-0.39%"
"Sep 05, 2019","1,840.72","1,821.95","1,842.00","1,815.58","3.33M","2.23%"
"Sep 04, 2019","1,800.62","1,805.00","1,807.63","1,796.23","2.33M","0.60%"
"Sep 03, 2019","1,789.84","1,770.00","1,800.80","1,768.00","3.55M","0.76%"
"Aug 30, 2019","1,776.29","1,797.49","1,799.74","1,764.57","3.06M","-0.57%"
"Aug 29, 2019","1,786.40","1,783.00","1,798.55","1,777.25","3.02M","1.26%"
"Aug 28, 2019","1,764.25","1,755.00","1,767.86","1,744.05","2.42M","0.14%"
"Aug 27, 2019","1,761.83","1,775.73","1,779.40","1,746.68","3.03M","-0.40%"
"Aug 26, 2019","1,768.87","1,766.91","1,770.00","1,743.51","3.09M","1.10%"
"Aug 23, 2019","1,749.62","1,793.03","1,804.90","1,745.23","5.28M","-3.10%"
"Aug 22, 2019","1,805.60","1,828.00","1,829.41","1,800.10","2.66M","-0.98%"
"Aug 21, 2019","1,823.54","1,819.39","1,829.58","1,815.00","2.04M","1.23%"
"Aug 20, 2019","1,801.38","1,814.50","1,816.82","1,799.88","1.93M","-0.81%"
"Aug 19, 2019","1,816.12","1,818.08","1,826.00","1,812.61","2.82M","1.31%"
"Aug 16, 2019","1,792.57","1,792.89","1,802.91","1,784.55","3.05M","0.93%"
"Aug 15, 2019","1,776.12","1,781.99","1,788.00","1,761.96","3.81M","0.75%"
"Aug 14, 2019","1,762.96","1,793.01","1,795.65","1,757.21","4.89M","-3.36%"
"Aug 13, 2019","1,824.34","1,783.00","1,831.74","1,780.00","4.08M","2.21%"
"Aug 12, 2019","1,784.92","1,795.99","1,800.98","1,777.00","2.91M","-1.25%"
"Aug 09, 2019","1,807.58","1,828.95","1,831.09","1,802.22","2.88M","-1.38%"
"Aug 08, 2019","1,832.89","1,806.00","1,834.26","1,798.11","3.70M","2.20%"
"Aug 07, 2019","1,793.40","1,773.99","1,798.93","1,757.00","4.53M","0.31%"
"Aug 06, 2019","1,787.83","1,792.23","1,793.77","1,753.40","5.07M","1.29%"
"Aug 05, 2019","1,765.13","1,770.22","1,788.67","1,748.78","6.06M","-3.19%"
"Aug 02, 2019","1,823.24","1,845.07","1,846.36","1,808.02","4.96M","-1.73%"
"Aug 01, 2019","1,855.32","1,871.72","1,897.92","1,844.01","4.71M","-0.61%"
"Jul 31, 2019","1,866.78","1,898.11","1,899.55","1,849.44","4.47M","-1.67%"
"Jul 30, 2019","1,898.53","1,891.12","1,909.89","1,883.48","2.91M","-0.73%"
"Jul 29, 2019","1,912.45","1,930.00","1,932.23","1,890.54","4.49M","-1.57%"
"Jul 26, 2019","1,943.05","1,942.00","1,950.89","1,924.51","4.93M","-1.56%"
"Jul 25, 2019","1,973.82","2,001.00","2,001.20","1,972.72","4.14M","-1.35%"
"Jul 24, 2019","2,000.81","1,969.30","2,001.30","1,965.87","2.63M","0.32%"
"Jul 23, 2019","1,994.49","1,995.99","1,997.79","1,973.13","2.70M","0.45%"
"Jul 22, 2019","1,985.63","1,971.14","1,989.00","1,958.26","2.91M","1.07%"
"Jul 19, 2019","1,964.52","1,991.21","1,996.00","1,962.23","3.19M","-0.68%"
"Jul 18, 2019","1,977.90","1,980.01","1,987.50","1,951.55","3.50M","-0.71%"
"Jul 17, 2019","1,992.03","2,007.05","2,012.00","1,992.03","2.56M","-0.89%"
"Jul 16, 2019","2,009.90","2,010.58","2,026.32","2,001.22","2.62M","-0.55%"
"Jul 15, 2019","2,020.99","2,021.40","2,022.90","2,001.55","2.98M","0.50%"
"Jul 12, 2019","2,011.00","2,008.27","2,017.00","2,003.87","2.51M","0.50%"
"Jul 11, 2019","2,001.07","2,025.62","2,035.80","1,995.30","4.32M","-0.81%"
"Jul 10, 2019","2,017.41","1,996.51","2,024.94","1,995.40","4.93M","1.46%"
"Jul 09, 2019","1,988.30","1,947.80","1,990.01","1,943.47","4.35M","1.84%"
"Jul 08, 2019","1,952.32","1,934.12","1,956.00","1,928.25","2.88M","0.48%"
"Jul 05, 2019","1,942.91","1,928.60","1,945.90","1,925.30","2.63M","0.20%"
"Jul 03, 2019","1,939.00","1,935.89","1,941.59","1,930.50","1.69M","0.24%"
"Jul 02, 2019","1,934.31","1,919.38","1,934.79","1,906.63","2.65M","0.63%"
"Jul 01, 2019","1,922.19","1,922.98","1,929.82","1,914.66","3.20M","1.51%"
"Jun 28, 2019","1,893.63","1,909.10","1,912.94","1,884.00","3.04M","-0.56%"
"Jun 27, 2019","1,904.28","1,902.00","1,911.24","1,898.04","2.14M","0.34%"
"Jun 26, 2019","1,897.83","1,892.48","1,903.80","1,887.32","2.44M","1.04%"
"Jun 25, 2019","1,878.27","1,911.84","1,916.38","1,872.42","3.01M","-1.86%"
"Jun 24, 2019","1,913.90","1,912.66","1,916.86","1,901.30","2.28M","0.14%"
"Jun 21, 2019","1,911.30","1,916.10","1,925.95","1,907.58","3.93M","-0.36%"
"Jun 20, 2019","1,918.19","1,933.33","1,935.20","1,905.80","3.22M","0.49%"
"Jun 19, 2019","1,908.79","1,907.84","1,919.58","1,892.47","2.90M","0.39%"
"Jun 18, 2019","1,901.37","1,901.35","1,921.67","1,899.79","3.90M","0.81%"
"Jun 17, 2019","1,886.03","1,876.50","1,895.69","1,875.45","2.63M","0.88%"
"Jun 14, 2019","1,869.67","1,864.00","1,876.00","1,859.00","2.85M","-0.03%"
"Jun 13, 2019","1,870.30","1,866.72","1,883.09","1,862.22","2.80M","0.81%"
"Jun 12, 2019","1,855.32","1,853.98","1,865.00","1,844.38","2.68M","-0.45%"
"Jun 11, 2019","1,863.70","1,883.25","1,893.70","1,858.00","4.04M","0.16%"
"Jun 10, 2019","1,860.63","1,822.00","1,884.87","1,818.00","5.37M","3.14%"
"Jun 07, 2019","1,804.03","1,763.70","1,806.25","1,759.49","4.81M","2.83%"
"Jun 06, 2019","1,754.36","1,737.71","1,760.00","1,726.13","3.69M","0.91%"
"Jun 05, 2019","1,738.50","1,749.60","1,752.00","1,715.25","4.24M","0.52%"
"Jun 04, 2019","1,729.56","1,699.24","1,730.82","1,680.89","5.68M","2.18%"
"Jun 03, 2019","1,692.69","1,760.01","1,766.29","1,672.00","9.10M","-4.64%"
"May 31, 2019","1,775.07","1,790.01","1,795.59","1,772.70","4.62M","-2.27%"
"May 30, 2019","1,816.32","1,825.49","1,829.47","1,807.83","3.15M","-0.16%"
"May 29, 2019","1,819.19","1,823.12","1,830.00","1,807.53","4.28M","-0.94%"
"May 28, 2019","1,836.43","1,832.75","1,849.27","1,827.35","3.20M","0.72%"
"May 24, 2019","1,823.28","1,835.89","1,841.76","1,817.85","3.37M","0.43%"
"May 23, 2019","1,815.48","1,836.59","1,844.00","1,804.20","4.42M","-2.38%"
"May 22, 2019","1,859.68","1,851.78","1,871.48","1,851.00","2.94M","0.12%"
"May 21, 2019","1,857.52","1,874.79","1,879.00","1,846.00","4.01M","-0.08%"
"May 20, 2019","1,858.97","1,852.69","1,867.78","1,835.54","3.80M","-0.54%"
"May 17, 2019","1,869.00","1,893.05","1,910.53","1,867.33","4.74M","-2.02%"
"May 16, 2019","1,907.57","1,885.94","1,917.51","1,882.29","4.71M","1.95%"
"May 15, 2019","1,871.15","1,827.95","1,874.43","1,823.00","4.69M","1.69%"
"May 14, 2019","1,840.12","1,839.50","1,852.44","1,815.75","4.63M","0.96%"
"May 13, 2019","1,822.68","1,836.56","1,846.54","1,818.00","5.78M","-3.56%"
"May 10, 2019","1,889.98","1,898.00","1,903.79","1,856.00","5.72M","-0.52%"
"May 09, 2019","1,899.87","1,900.00","1,909.40","1,876.00","5.31M","-0.93%"
"May 08, 2019","1,917.77","1,918.87","1,935.37","1,910.00","4.08M","-0.17%"
"May 07, 2019","1,921.00","1,939.99","1,949.10","1,903.38","5.90M","-1.51%"
"May 06, 2019","1,950.55","1,917.98","1,959.00","1,910.50","5.42M","-0.61%"
"May 03, 2019","1,962.46","1,949.00","1,964.40","1,936.00","6.38M","3.24%"
"May 02, 2019","1,900.82","1,913.33","1,921.55","1,881.87","3.96M","-0.56%"
"May 01, 2019","1,911.52","1,933.09","1,943.64","1,910.55","3.12M","-0.78%"
"Apr 30, 2019","1,926.52","1,930.10","1,935.71","1,906.95","3.51M","-0.61%"
"Apr 29, 2019","1,938.43","1,949.00","1,956.34","1,934.09","4.02M","-0.63%"
"Apr 26, 2019","1,950.63","1,929.00","1,951.00","1,898.00","8.43M","2.54%"
"Apr 25, 2019","1,902.25","1,917.00","1,922.45","1,900.31","6.10M","0.03%"
"Apr 24, 2019","1,901.75","1,925.00","1,929.69","1,898.16","3.68M","-1.14%"
"Apr 23, 2019","1,923.77","1,891.20","1,929.26","1,889.58","4.64M","1.93%"
"Apr 22, 2019","1,887.31","1,855.40","1,888.42","1,845.64","3.37M","1.38%"
"Apr 18, 2019","1,861.69","1,868.79","1,870.82","1,859.48","2.75M","-0.17%"
"Apr 17, 2019","1,864.82","1,872.99","1,876.47","1,860.44","2.89M","0.10%"
"Apr 16, 2019","1,863.04","1,851.35","1,869.77","1,848.00","3.04M","0.98%"
"Apr 15, 2019","1,844.87","1,842.00","1,846.85","1,818.90","3.72M","0.10%"
"Apr 12, 2019","1,843.06","1,848.40","1,851.50","1,841.30","3.11M","-0.05%"
"Apr 11, 2019","1,844.07","1,848.70","1,849.95","1,840.31","2.65M","-0.18%"
"Apr 10, 2019","1,847.33","1,841.00","1,848.00","1,828.81","2.96M","0.63%"
"Apr 09, 2019","1,835.84","1,845.49","1,853.09","1,831.78","3.71M","-0.76%"
"Apr 08, 2019","1,849.86","1,833.23","1,850.20","1,825.11","3.75M","0.68%"
"Apr 05, 2019","1,837.28","1,829.00","1,838.58","1,825.19","3.64M","1.01%"
"Apr 04, 2019","1,818.86","1,820.65","1,828.75","1,804.20","3.62M","-0.10%"
"Apr 03, 2019","1,820.70","1,826.72","1,830.00","1,809.62","3.98M","0.37%"
"Apr 02, 2019","1,813.98","1,811.02","1,820.00","1,805.12","3.45M","-0.01%"
"Apr 01, 2019","1,814.19","1,800.11","1,815.67","1,798.73","4.24M","1.88%"
"Mar 29, 2019","1,780.75","1,786.58","1,792.86","1,776.63","3.32M","0.41%"
"Mar 28, 2019","1,773.42","1,770.00","1,777.93","1,753.47","3.04M","0.44%"
"Mar 27, 2019","1,765.70","1,784.13","1,787.50","1,745.68","4.32M","-1.01%"
"Mar 26, 2019","1,783.76","1,793.00","1,805.77","1,773.36","4.87M","0.54%"
"Mar 25, 2019","1,774.26","1,757.79","1,782.68","1,747.50","5.10M","0.54%"
"Mar 22, 2019","1,764.77","1,810.17","1,818.98","1,763.11","6.36M","-3.00%"
"Mar 21, 2019","1,819.26","1,796.26","1,823.75","1,787.28","5.77M","1.22%"
"Mar 20, 2019","1,797.27","1,769.94","1,799.50","1,767.03","6.27M","2.01%"
"Mar 19, 2019","1,761.85","1,753.51","1,784.16","1,753.51","6.36M","1.13%"
"Mar 18, 2019","1,742.15","1,712.70","1,750.00","1,712.63","5.43M","1.74%"
"Mar 15, 2019","1,712.36","1,703.00","1,718.80","1,693.13","7.55M","1.55%"
"Mar 14, 2019","1,686.22","1,691.20","1,702.00","1,684.34","2.95M","-0.27%"
"Mar 13, 2019","1,690.81","1,683.00","1,700.00","1,679.35","3.55M","1.06%"
"Mar 12, 2019","1,673.10","1,669.00","1,684.27","1,660.98","3.61M","0.15%"
"Mar 11, 2019","1,670.62","1,626.12","1,672.29","1,626.01","3.88M","3.07%"
"Mar 08, 2019","1,620.80","1,604.01","1,622.72","1,586.57","4.67M","-0.32%"
"Mar 07, 2019","1,625.95","1,667.37","1,669.75","1,620.51","4.96M","-2.58%"
"Mar 06, 2019","1,668.95","1,695.97","1,697.75","1,668.28","4.00M","-1.39%"
"Mar 05, 2019","1,692.43","1,702.95","1,707.80","1,689.01","3.68M","-0.22%"
"Mar 04, 2019","1,696.17","1,685.00","1,709.43","1,674.36","6.17M","1.46%"
"Mar 01, 2019","1,671.73","1,655.13","1,674.26","1,651.00","4.97M","1.95%"